image_id,label
Daisy (1).jpeg,
Daisy (10).jpeg,
Daisy (100).jpeg,
Daisy (11).jpeg,
Daisy (12).jpeg,
Daisy (13).jpeg,
Daisy (14).jpeg,
Daisy (15).jpeg,
Daisy (16).jpeg,
Daisy (17).jpeg,
Daisy (18).jpeg,
Daisy (19).jpeg,
Daisy (2).jpeg,
Daisy (20).jpeg,
Daisy (21).jpeg,
Daisy (22).jpeg,
Daisy (23).jpeg,
Daisy (24).jpeg,
Daisy (25).jpeg,
Daisy (26).jpeg,
Daisy (27).jpeg,
Daisy (28).jpeg,
Daisy (29).jpeg,
Daisy (3).jpeg,
Daisy (30).jpeg,
Daisy (31).jpeg,
Daisy (32).jpeg,
Daisy (33).jpeg,
Daisy (34).jpeg,
Daisy (35).jpeg,
Daisy (36).jpeg,
Daisy (37).jpeg,
Daisy (38).jpeg,
Daisy (39).jpeg,
Daisy (4).jpeg,
Daisy (40).jpeg,
Daisy (41).jpeg,
Daisy (42).jpeg,
Daisy (43).jpeg,
Daisy (44).jpeg,
Daisy (45).jpeg,
Daisy (46).jpeg,
Daisy (47).jpeg,
Daisy (48).jpeg,
Daisy (49).jpeg,
Daisy (5).jpeg,
Daisy (50).jpeg,
Daisy (51).jpeg,
Daisy (52).jpeg,
Daisy (53).jpeg,
Daisy (54).jpeg,
Daisy (55).jpeg,
Daisy (56).jpeg,
Daisy (57).jpeg,
Daisy (58).jpeg,
Daisy (59).jpeg,
Daisy (6).jpeg,
Daisy (60).jpeg,
Daisy (61).jpeg,
Daisy (62).jpeg,
Daisy (63).jpeg,
Daisy (64).jpeg,
Daisy (65).jpeg,
Daisy (66).jpeg,
Daisy (67).jpeg,
Daisy (68).jpeg,
Daisy (69).jpeg,
Daisy (7).jpeg,
Daisy (70).jpeg,
Daisy (71).jpeg,
Daisy (72).jpeg,
Daisy (73).jpeg,
Daisy (74).jpeg,
Daisy (75).jpeg,
Daisy (76).jpeg,
Daisy (77).jpeg,
Daisy (78).jpeg,
Daisy (79).jpeg,
Daisy (8).jpeg,
Daisy (80).jpeg,
Daisy (81).jpeg,
Daisy (82).jpeg,
Daisy (83).jpeg,
Daisy (84).jpeg,
Daisy (85).jpeg,
Daisy (86).jpeg,
Daisy (87).jpeg,
Daisy (88).jpeg,
Daisy (89).jpeg,
Daisy (9).jpeg,
Daisy (90).jpeg,
Daisy (91).jpeg,
Daisy (92).jpeg,
Daisy (93).jpeg,
Daisy (94).jpeg,
Daisy (95).jpeg,
Daisy (96).jpeg,
Daisy (97).jpeg,
Daisy (98).jpeg,
Daisy (99).jpeg,
Lavender (1).jpeg,
Lavender (1).png,
Lavender (10).jpeg,
Lavender (10).png,
Lavender (100).jpeg,
Lavender (11).jpeg,
Lavender (12).jpeg,
Lavender (13).jpeg,
Lavender (14).jpeg,
Lavender (15).jpeg,
Lavender (16).jpeg,
Lavender (17).jpeg,
Lavender (18).jpeg,
Lavender (19).jpeg,
Lavender (2).jpeg,
Lavender (2).png,
Lavender (20).jpeg,
Lavender (21).jpeg,
Lavender (22).jpeg,
Lavender (23).jpeg,
Lavender (24).jpeg,
Lavender (25).jpeg,
Lavender (26).jpeg,
Lavender (27).jpeg,
Lavender (28).jpeg,
Lavender (29).jpeg,
Lavender (3).jpeg,
Lavender (3).png,
Lavender (30).jpeg,
Lavender (31).jpeg,
Lavender (32).jpeg,
Lavender (33).jpeg,
Lavender (34).jpeg,
Lavender (35).jpeg,
Lavender (36).jpeg,
Lavender (37).jpeg,
Lavender (38).jpeg,
Lavender (39).jpeg,
Lavender (4).jpeg,
Lavender (4).png,
Lavender (40).jpeg,
Lavender (41).jpeg,
Lavender (42).jpeg,
Lavender (43).jpeg,
Lavender (44).jpeg,
Lavender (45).jpeg,
Lavender (46).jpeg,
Lavender (47).jpeg,
Lavender (48).jpeg,
Lavender (49).jpeg,
Lavender (5).jpeg,
Lavender (5).png,
Lavender (50).jpeg,
Lavender (51).jpeg,
Lavender (52).jpeg,
Lavender (53).jpeg,
Lavender (54).jpeg,
Lavender (55).jpeg,
Lavender (56).jpeg,
Lavender (57).jpeg,
Lavender (58).jpeg,
Lavender (59).jpeg,
Lavender (6).jpeg,
Lavender (6).png,
Lavender (60).jpeg,
Lavender (61).jpeg,
Lavender (62).jpeg,
Lavender (63).jpeg,
Lavender (64).jpeg,
Lavender (65).jpeg,
Lavender (66).jpeg,
Lavender (67).jpeg,
Lavender (68).jpeg,
Lavender (69).jpeg,
Lavender (7).jpeg,
Lavender (70).jpeg,
Lavender (71).jpeg,
Lavender (72).jpeg,
Lavender (73).jpeg,
Lavender (74).jpeg,
Lavender (75).jpeg,
Lavender (76).jpeg,
Lavender (77).jpeg,
Lavender (78).jpeg,
Lavender (79).jpeg,
Lavender (8).jpeg,
Lavender (8).png,
Lavender (80).jpeg,
Lavender (81).jpeg,
Lavender (82).jpeg,
Lavender (83).jpeg,
Lavender (84).jpeg,
Lavender (85).jpeg,
Lavender (86).jpeg,
Lavender (87).jpeg,
Lavender (88).jpeg,
Lavender (89).jpeg,
Lavender (9).jpeg,
Lavender (9).png,
Lavender (90).jpeg,
Lavender (91).jpeg,
Lavender (92).jpeg,
Lavender (93).jpeg,
Lavender (94).jpeg,
Lavender (95).jpeg,
Lavender (96).jpeg,
Lavender (97).jpeg,
Lavender (98).jpeg,
Lavender (99).jpeg,
Lily (1).jpeg,
Lily (1).jpg,
Lily (10).jpeg,
Lily (10).jpg,
Lily (100).jpeg,
Lily (11).jpeg,
Lily (11).jpg,
Lily (12).jpeg,
Lily (12).jpg,
Lily (13).jpeg,
Lily (13).jpg,
Lily (14).jpeg,
Lily (14).jpg,
Lily (15).jpeg,
Lily (15).jpg,
Lily (16).jpeg,
Lily (16).jpg,
Lily (17).jpeg,
Lily (17).jpg,
Lily (18).jpeg,
Lily (18).jpg,
Lily (19).jpeg,
Lily (19).jpg,
Lily (2).jpeg,
Lily (2).jpg,
Lily (2).png,
Lily (20).jpeg,
Lily (20).jpg,
Lily (21).jpeg,
Lily (21).jpg,
Lily (22).jpeg,
Lily (22).jpg,
Lily (23).jpeg,
Lily (23).jpg,
Lily (24).jpeg,
Lily (24).jpg,
Lily (25).jpeg,
Lily (25).jpg,
Lily (26).jpeg,
Lily (26).jpg,
Lily (27).jpeg,
Lily (27).jpg,
Lily (28).jpeg,
Lily (28).jpg,
Lily (29).jpeg,
Lily (29).jpg,
Lily (3).jpeg,
Lily (3).jpg,
Lily (3).png,
Lily (30).jpeg,
Lily (30).jpg,
Lily (31).jpeg,
Lily (31).jpg,
Lily (32).jpeg,
Lily (32).jpg,
Lily (33).jpeg,
Lily (33).jpg,
Lily (34).jpeg,
Lily (34).jpg,
Lily (35).jpeg,
Lily (35).jpg,
Lily (36).jpeg,
Lily (36).jpg,
Lily (37).jpeg,
Lily (37).jpg,
Lily (38).jpeg,
Lily (38).jpg,
Lily (39).jpeg,
Lily (39).jpg,
Lily (4).jpeg,
Lily (4).jpg,
Lily (4).png,
Lily (40).jpeg,
Lily (40).jpg,
Lily (41).jpeg,
Lily (41).jpg,
Lily (42).jpeg,
Lily (42).jpg,
Lily (43).jpeg,
Lily (43).jpg,
Lily (44).jpeg,
Lily (44).jpg,
Lily (45).jpeg,
Lily (45).jpg,
Lily (46).jpeg,
Lily (46).jpg,
Lily (47).jpeg,
Lily (47).jpg,
Lily (48).jpeg,
Lily (48).jpg,
Lily (49).jpeg,
Lily (49).jpg,
Lily (5).jpeg,
Lily (5).jpg,
Lily (50).jpeg,
Lily (50).jpg,
Lily (51).jpeg,
Lily (51).jpg,
Lily (52).jpeg,
Lily (52).jpg,
Lily (53).jpeg,
Lily (53).jpg,
Lily (54).jpeg,
Lily (54).jpg,
Lily (55).jpeg,
Lily (55).jpg,
Lily (56).jpeg,
Lily (56).jpg,
Lily (57).jpeg,
Lily (57).jpg,
Lily (58).jpeg,
Lily (58).jpg,
Lily (59).jpeg,
Lily (59).jpg,
Lily (6).jpeg,
Lily (6).jpg,
Lily (60).jpeg,
Lily (60).jpg,
Lily (61).jpeg,
Lily (61).jpg,
Lily (62).jpeg,
Lily (62).jpg,
Lily (63).jpeg,
Lily (63).jpg,
Lily (64).jpeg,
Lily (64).jpg,
Lily (65).jpeg,
Lily (65).jpg,
Lily (66).jpeg,
Lily (66).jpg,
Lily (67).jpeg,
Lily (67).jpg,
Lily (68).jpeg,
Lily (68).jpg,
Lily (69).jpeg,
Lily (69).jpg,
Lily (7).jpeg,
Lily (7).jpg,
Lily (7).png,
Lily (70).jpeg,
Lily (70).jpg,
Lily (71).jpeg,
Lily (71).jpg,
Lily (72).jpeg,
Lily (72).jpg,
Lily (73).jpeg,
Lily (73).jpg,
Lily (74).jpeg,
Lily (74).jpg,
Lily (75).jpeg,
Lily (76).jpeg,
Lily (76).jpg,
Lily (77).jpeg,
Lily (78).jpeg,
Lily (79).jpeg,
Lily (8).jpeg,
Lily (8).jpg,
Lily (80).jpeg,
Lily (81).jpeg,
Lily (82).jpeg,
Lily (83).jpeg,
Lily (84).jpeg,
Lily (85).jpeg,
Lily (86).jpeg,
Lily (87).jpeg,
Lily (88).jpeg,
Lily (89).jpeg,
Lily (9).jpeg,
Lily (9).jpg,
Lily (90).jpeg,
Lily (91).jpeg,
Lily (92).jpeg,
Lily (93).jpeg,
Lily (94).jpeg,
Lily (95).jpeg,
Lily (96).jpeg,
Lily (97).jpeg,
Lily (98).jpeg,
Lily (99).jpeg,
rose (1).jpeg,
rose (1).png,
rose (10).jpeg,
rose (11).jpeg,
rose (12).jpeg,
rose (13).jpeg,
rose (14).jpeg,
rose (15).jpeg,
rose (16).jpeg,
rose (17).jpeg,
rose (18).jpeg,
rose (19).jpeg,
rose (20).jpeg,
rose (21).jpeg,
rose (22).jpeg,
rose (23).jpeg,
rose (24).jpeg,
rose (25).jpeg,
rose (26).jpeg,
rose (27).jpeg,
rose (28).jpeg,
rose (29).jpeg,
rose (3).jpeg,
rose (30).jpeg,
rose (31).jpeg,
rose (32).jpeg,
rose (33).jpeg,
rose (34).jpeg,
rose (35).jpeg,
rose (36).jpeg,
rose (37).jpeg,
rose (38).jpeg,
rose (39).jpeg,
rose (4).jpeg,
rose (4).png,
rose (40).jpeg,
rose (41).jpeg,
rose (42).jpeg,
rose (43).jpeg,
rose (44).jpeg,
rose (45).jpeg,
rose (46).jpeg,
rose (47).jpeg,
rose (48).jpeg,
rose (49).jpeg,
rose (5).jpeg,
rose (5).png,
rose (50).jpeg,
rose (51).jpeg,
rose (52).jpeg,
rose (53).jpeg,
rose (54).jpeg,
rose (55).jpeg,
rose (56).jpeg,
rose (57).jpeg,
rose (58).jpeg,
rose (59).jpeg,
rose (6).jpeg,
rose (60).jpeg,
rose (61).jpeg,
rose (62).jpeg,
rose (63).jpeg,
rose (64).jpeg,
rose (65).jpeg,
rose (66).jpeg,
rose (67).jpeg,
rose (68).jpeg,
rose (69).jpeg,
rose (7).jpeg,
rose (70).jpeg,
rose (71).jpeg,
rose (72).jpeg,
rose (73).jpeg,
rose (74).jpeg,
rose (75).jpeg,
rose (76).jpeg,
rose (77).jpeg,
rose (78).jpeg,
rose (79).jpeg,
rose (8).jpeg,
rose (80).jpeg,
rose (81).jpeg,
rose (82).jpeg,
rose (83).jpeg,
rose (84).jpeg,
rose (85).jpeg,
rose (86).jpeg,
rose (87).jpeg,
rose (88).jpeg,
rose (89).jpeg,
rose (9).jpeg,
rose (90).jpeg,
rose (91).jpeg,
rose (92).jpeg,
rose (93).jpeg,
rose (94).jpeg,
rose (95).jpeg,
sunflower (1).jpeg,
sunflower (10).jpeg,
sunflower (100).jpeg,
sunflower (11).jpeg,
sunflower (12).jpeg,
sunflower (13).jpeg,
sunflower (14).jpeg,
sunflower (15).jpeg,
sunflower (16).jpeg,
sunflower (17).jpeg,
sunflower (18).jpeg,
sunflower (19).jpeg,
sunflower (2).jpeg,
sunflower (20).jpeg,
sunflower (21).jpeg,
sunflower (22).jpeg,
sunflower (23).jpeg,
sunflower (24).jpeg,
sunflower (25).jpeg,
sunflower (26).jpeg,
sunflower (27).jpeg,
sunflower (28).jpeg,
sunflower (29).jpeg,
sunflower (3).jpeg,
sunflower (30).jpeg,
sunflower (31).jpeg,
sunflower (32).jpeg,
sunflower (33).jpeg,
sunflower (34).jpeg,
sunflower (35).jpeg,
sunflower (36).jpeg,
sunflower (37).jpeg,
sunflower (38).jpeg,
sunflower (39).jpeg,
sunflower (4).jpeg,
sunflower (40).jpeg,
sunflower (41).jpeg,
sunflower (42).jpeg,
sunflower (43).jpeg,
sunflower (44).jpeg,
sunflower (45).jpeg,
sunflower (46).jpeg,
sunflower (47).jpeg,
sunflower (48).jpeg,
sunflower (49).jpeg,
sunflower (5).jpeg,
sunflower (50).jpeg,
sunflower (51).jpeg,
sunflower (52).jpeg,
sunflower (53).jpeg,
sunflower (54).jpeg,
sunflower (55).jpeg,
sunflower (56).jpeg,
sunflower (57).jpeg,
sunflower (58).jpeg,
sunflower (59).jpeg,
sunflower (6).jpeg,
sunflower (60).jpeg,
sunflower (61).jpeg,
sunflower (62).jpeg,
sunflower (63).jpeg,
sunflower (64).jpeg,
sunflower (65).jpeg,
sunflower (66).jpeg,
sunflower (67).jpeg,
sunflower (68).jpeg,
sunflower (69).jpeg,
sunflower (7).jpeg,
sunflower (70).jpeg,
sunflower (71).jpeg,
sunflower (72).jpeg,
sunflower (73).jpeg,
sunflower (74).jpeg,
sunflower (75).jpeg,
sunflower (76).jpeg,
sunflower (77).jpeg,
sunflower (78).jpeg,
sunflower (79).jpeg,
sunflower (8).jpeg,
sunflower (80).jpeg,
sunflower (81).jpeg,
sunflower (82).jpeg,
sunflower (83).jpeg,
sunflower (84).jpeg,
sunflower (85).jpeg,
sunflower (86).jpeg,
sunflower (87).jpeg,
sunflower (88).jpeg,
sunflower (89).jpeg,
sunflower (9).jpeg,
sunflower (90).jpeg,
sunflower (91).jpeg,
sunflower (92).jpeg,
sunflower (93).jpeg,
sunflower (94).jpeg,
sunflower (95).jpeg,
sunflower (96).jpeg,
sunflower (97).jpeg,
sunflower (98).jpeg,
sunflower (99).jpeg,
