image_id,label
Daisy (1).jpeg,Daisy
Daisy (10).jpeg,Daisy
Daisy (100).jpeg,Daisy
Daisy (11).jpeg,Daisy
Daisy (12).jpeg,Daisy
Daisy (13).jpeg,Daisy
Daisy (14).jpeg,Daisy
Daisy (15).jpeg,Daisy
Daisy (16).jpeg,Daisy
Daisy (17).jpeg,Daisy
Daisy (18).jpeg,Daisy
Daisy (19).jpeg,Daisy
Daisy (2).jpeg,Daisy
Daisy (20).jpeg,Daisy
Daisy (21).jpeg,Daisy
Daisy (22).jpeg,Daisy
Daisy (23).jpeg,Daisy
Daisy (24).jpeg,Daisy
Daisy (25).jpeg,Daisy
Daisy (26).jpeg,Daisy
Daisy (27).jpeg,Daisy
Daisy (28).jpeg,Daisy
Daisy (29).jpeg,Daisy
Daisy (3).jpeg,Daisy
Daisy (30).jpeg,Daisy
Daisy (31).jpeg,Daisy
Daisy (32).jpeg,Daisy
Daisy (33).jpeg,Daisy
Daisy (34).jpeg,Daisy
Daisy (35).jpeg,Daisy
Daisy (36).jpeg,Daisy
Daisy (37).jpeg,Daisy
Daisy (38).jpeg,Daisy
Daisy (39).jpeg,Daisy
Daisy (4).jpeg,Daisy
Daisy (40).jpeg,Daisy
Daisy (41).jpeg,Daisy
Daisy (42).jpeg,Daisy
Daisy (43).jpeg,Daisy
Daisy (44).jpeg,Daisy
Daisy (45).jpeg,Daisy
Daisy (46).jpeg,Daisy
Daisy (47).jpeg,Daisy
Daisy (48).jpeg,Daisy
Daisy (49).jpeg,Daisy
Daisy (5).jpeg,Daisy
Daisy (50).jpeg,Daisy
Daisy (51).jpeg,Daisy
Daisy (52).jpeg,Daisy
Daisy (53).jpeg,Daisy
Daisy (54).jpeg,Daisy
Daisy (55).jpeg,Daisy
Daisy (56).jpeg,Daisy
Daisy (57).jpeg,Daisy
Daisy (58).jpeg,Daisy
Daisy (59).jpeg,Daisy
Daisy (6).jpeg,Daisy
Daisy (60).jpeg,Daisy
Daisy (61).jpeg,Daisy
Daisy (62).jpeg,Daisy
Daisy (63).jpeg,Daisy
Daisy (64).jpeg,Daisy
Daisy (65).jpeg,Daisy
Daisy (66).jpeg,Daisy
Daisy (67).jpeg,Daisy
Daisy (68).jpeg,Daisy
Daisy (69).jpeg,Daisy
Daisy (7).jpeg,Daisy
Daisy (70).jpeg,Daisy
Daisy (71).jpeg,Daisy
Daisy (72).jpeg,Daisy
Daisy (73).jpeg,Daisy
Daisy (74).jpeg,Daisy
Daisy (75).jpeg,Daisy
Daisy (76).jpeg,Daisy
Daisy (77).jpeg,Daisy
Daisy (78).jpeg,Daisy
Daisy (79).jpeg,Daisy
Daisy (8).jpeg,Daisy
Daisy (80).jpeg,Daisy
Daisy (81).jpeg,Daisy
Daisy (82).jpeg,Daisy
Daisy (83).jpeg,Daisy
Daisy (84).jpeg,Daisy
Daisy (85).jpeg,Daisy
Daisy (86).jpeg,Daisy
Daisy (87).jpeg,Daisy
Daisy (88).jpeg,Daisy
Daisy (89).jpeg,Daisy
Daisy (9).jpeg,Daisy
Daisy (90).jpeg,Daisy
Daisy (91).jpeg,Daisy
Daisy (92).jpeg,Daisy
Daisy (93).jpeg,Daisy
Daisy (94).jpeg,Daisy
Daisy (95).jpeg,Daisy
Daisy (96).jpeg,Daisy
Daisy (97).jpeg,Daisy
Daisy (98).jpeg,Daisy
Daisy (99).jpeg,Daisy
Lavender (1).jpeg,Lavender
Lavender (1).png,Lavender
Lavender (10).jpeg,Lavender
Lavender (10).png,Lavender
Lavender (100).jpeg,Lavender
Lavender (11).jpeg,Lavender
Lavender (12).jpeg,Lavender
Lavender (13).jpeg,Lavender
Lavender (14).jpeg,Lavender
Lavender (15).jpeg,Lavender
Lavender (16).jpeg,Lavender
Lavender (17).jpeg,Lavender
Lavender (18).jpeg,Lavender
Lavender (19).jpeg,Lavender
Lavender (2).jpeg,Lavender
Lavender (2).png,Lavender
Lavender (20).jpeg,Lavender
Lavender (21).jpeg,Lavender
Lavender (22).jpeg,Lavender
Lavender (23).jpeg,Lavender
Lavender (24).jpeg,Lavender
Lavender (25).jpeg,Lavender
Lavender (26).jpeg,Lavender
Lavender (27).jpeg,Lavender
Lavender (28).jpeg,Lavender
Lavender (29).jpeg,Lavender
Lavender (3).jpeg,Lavender
Lavender (3).png,Lavender
Lavender (30).jpeg,Lavender
Lavender (31).jpeg,Lavender
Lavender (32).jpeg,Lavender
Lavender (33).jpeg,Lavender
Lavender (34).jpeg,Lavender
Lavender (35).jpeg,Lavender
Lavender (36).jpeg,Lavender
Lavender (37).jpeg,Lavender
Lavender (38).jpeg,Lavender
Lavender (39).jpeg,Lavender
Lavender (4).jpeg,Lavender
Lavender (4).png,Lavender
Lavender (40).jpeg,Lavender
Lavender (41).jpeg,Lavender
Lavender (42).jpeg,Lavender
Lavender (43).jpeg,Lavender
Lavender (44).jpeg,Lavender
Lavender (45).jpeg,Lavender
Lavender (46).jpeg,Lavender
Lavender (47).jpeg,Lavender
Lavender (48).jpeg,Lavender
Lavender (49).jpeg,Lavender
Lavender (5).jpeg,Lavender
Lavender (5).png,Lavender
Lavender (50).jpeg,Lavender
Lavender (51).jpeg,Lavender
Lavender (52).jpeg,Lavender
Lavender (53).jpeg,Lavender
Lavender (54).jpeg,Lavender
Lavender (55).jpeg,Lavender
Lavender (56).jpeg,Lavender
Lavender (57).jpeg,Lavender
Lavender (58).jpeg,Lavender
Lavender (59).jpeg,Lavender
Lavender (6).jpeg,Lavender
Lavender (6).png,Lavender
Lavender (60).jpeg,Lavender
Lavender (61).jpeg,Lavender
Lavender (62).jpeg,Lavender
Lavender (63).jpeg,Lavender
Lavender (64).jpeg,Lavender
Lavender (65).jpeg,Lavender
Lavender (66).jpeg,Lavender
Lavender (67).jpeg,Lavender
Lavender (68).jpeg,Lavender
Lavender (69).jpeg,Lavender
Lavender (7).jpeg,Lavender
Lavender (70).jpeg,Lavender
Lavender (71).jpeg,Lavender
Lavender (72).jpeg,Lavender
Lavender (73).jpeg,Lavender
Lavender (74).jpeg,Lavender
Lavender (75).jpeg,Lavender
Lavender (76).jpeg,Lavender
Lavender (77).jpeg,Lavender
Lavender (78).jpeg,Lavender
Lavender (79).jpeg,Lavender
Lavender (8).jpeg,Lavender
Lavender (8).png,Lavender
Lavender (80).jpeg,Lavender
Lavender (81).jpeg,Lavender
Lavender (82).jpeg,Lavender
Lavender (83).jpeg,Lavender
Lavender (84).jpeg,Lavender
Lavender (85).jpeg,Lavender
Lavender (86).jpeg,Lavender
Lavender (87).jpeg,Lavender
Lavender (88).jpeg,Lavender
Lavender (89).jpeg,Lavender
Lavender (9).jpeg,Lavender
Lavender (9).png,Lavender
Lavender (90).jpeg,Lavender
Lavender (91).jpeg,Lavender
Lavender (92).jpeg,Lavender
Lavender (93).jpeg,Lavender
Lavender (94).jpeg,Lavender
Lavender (95).jpeg,Lavender
Lavender (96).jpeg,Lavender
Lavender (97).jpeg,Lavender
Lavender (98).jpeg,Lavender
Lavender (99).jpeg,Lavender
Lily (1).jpeg,Lily
Lily (1).jpg,Lily
Lily (10).jpeg,Lily
Lily (10).jpg,Lily
Lily (100).jpeg,Lily
Lily (11).jpeg,Lily
Lily (11).jpg,Lily
Lily (12).jpeg,Lily
Lily (12).jpg,Lily
Lily (13).jpeg,Lily
Lily (13).jpg,Lily
Lily (14).jpeg,Lily
Lily (14).jpg,Lily
Lily (15).jpeg,Lily
Lily (15).jpg,Lily
Lily (16).jpeg,Lily
Lily (16).jpg,Lily
Lily (17).jpeg,Lily
Lily (17).jpg,Lily
Lily (18).jpeg,Lily
Lily (18).jpg,Lily
Lily (19).jpeg,Lily
Lily (19).jpg,Lily
Lily (2).jpeg,Lily
Lily (2).jpg,Lily
Lily (2).png,Lily
Lily (20).jpeg,Lily
Lily (20).jpg,Lily
Lily (21).jpeg,Lily
Lily (21).jpg,Lily
Lily (22).jpeg,Lily
Lily (22).jpg,Lily
Lily (23).jpeg,Lily
Lily (23).jpg,Lily
Lily (24).jpeg,Lily
Lily (24).jpg,Lily
Lily (25).jpeg,Lily
Lily (25).jpg,Lily
Lily (26).jpeg,Lily
Lily (26).jpg,Lily
Lily (27).jpeg,Lily
Lily (27).jpg,Lily
Lily (28).jpeg,Lily
Lily (28).jpg,Lily
Lily (29).jpeg,Lily
Lily (29).jpg,Lily
Lily (3).jpeg,Lily
Lily (3).jpg,Lily
Lily (3).png,Lily
Lily (30).jpeg,Lily
Lily (30).jpg,Lily
Lily (31).jpeg,Lily
Lily (31).jpg,Lily
Lily (32).jpeg,Lily
Lily (32).jpg,Lily
Lily (33).jpeg,Lily
Lily (33).jpg,Lily
Lily (34).jpeg,Lily
Lily (34).jpg,Lily
Lily (35).jpeg,Lily
Lily (35).jpg,Lily
Lily (36).jpeg,Lily
Lily (36).jpg,Lily
Lily (37).jpeg,Lily
Lily (37).jpg,Lily
Lily (38).jpeg,Lily
Lily (38).jpg,Lily
Lily (39).jpeg,Lily
Lily (39).jpg,Lily
Lily (4).jpeg,Lily
Lily (4).jpg,Lily
Lily (4).png,Lily
Lily (40).jpeg,Lily
Lily (40).jpg,Lily
Lily (41).jpeg,Lily
Lily (41).jpg,Lily
Lily (42).jpeg,Lily
Lily (42).jpg,Lily
Lily (43).jpeg,Lily
Lily (43).jpg,Lily
Lily (44).jpeg,Lily
Lily (44).jpg,Lily
Lily (45).jpeg,Lily
Lily (45).jpg,Lily
Lily (46).jpeg,Lily
Lily (46).jpg,Lily
Lily (47).jpeg,Lily
Lily (47).jpg,Lily
Lily (48).jpeg,Lily
Lily (48).jpg,Lily
Lily (49).jpeg,Lily
Lily (49).jpg,Lily
Lily (5).jpeg,Lily
Lily (5).jpg,Lily
Lily (50).jpeg,Lily
Lily (50).jpg,Lily
Lily (51).jpeg,Lily
Lily (51).jpg,Lily
Lily (52).jpeg,Lily
Lily (52).jpg,Lily
Lily (53).jpeg,Lily
Lily (53).jpg,Lily
Lily (54).jpeg,Lily
Lily (54).jpg,Lily
Lily (55).jpeg,Lily
Lily (55).jpg,Lily
Lily (56).jpeg,Lily
Lily (56).jpg,Lily
Lily (57).jpeg,Lily
Lily (57).jpg,Lily
Lily (58).jpeg,Lily
Lily (58).jpg,Lily
Lily (59).jpeg,Lily
Lily (59).jpg,Lily
Lily (6).jpeg,Lily
Lily (6).jpg,Lily
Lily (60).jpeg,Lily
Lily (60).jpg,Lily
Lily (61).jpeg,Lily
Lily (61).jpg,Lily
Lily (62).jpeg,Lily
Lily (62).jpg,Lily
Lily (63).jpeg,Lily
Lily (63).jpg,Lily
Lily (64).jpeg,Lily
Lily (64).jpg,Lily
Lily (65).jpeg,Lily
Lily (65).jpg,Lily
Lily (66).jpeg,Lily
Lily (66).jpg,Lily
Lily (67).jpeg,Lily
Lily (67).jpg,Lily
Lily (68).jpeg,Lily
Lily (68).jpg,Lily
Lily (69).jpeg,Lily
Lily (69).jpg,Lily
Lily (7).jpeg,Lily
Lily (7).jpg,Lily
Lily (7).png,Lily
Lily (70).jpeg,Lily
Lily (70).jpg,Lily
Lily (71).jpeg,Lily
Lily (71).jpg,Lily
Lily (72).jpeg,Lily
Lily (72).jpg,Lily
Lily (73).jpeg,Lily
Lily (73).jpg,Lily
Lily (74).jpeg,Lily
Lily (74).jpg,Lily
Lily (75).jpeg,Lily
Lily (76).jpeg,Lily
Lily (76).jpg,Lily
Lily (77).jpeg,Lily
Lily (78).jpeg,Lily
Lily (79).jpeg,Lily
Lily (8).jpeg,Lily
Lily (8).jpg,Lily
Lily (80).jpeg,Lily
Lily (81).jpeg,Lily
Lily (82).jpeg,Lily
Lily (83).jpeg,Lily
Lily (84).jpeg,Lily
Lily (85).jpeg,Lily
Lily (86).jpeg,Lily
Lily (87).jpeg,Lily
Lily (88).jpeg,Lily
Lily (89).jpeg,Lily
Lily (9).jpeg,Lily
Lily (9).jpg,Lily
Lily (90).jpeg,Lily
Lily (91).jpeg,Lily
Lily (92).jpeg,Lily
Lily (93).jpeg,Lily
Lily (94).jpeg,Lily
Lily (95).jpeg,Lily
Lily (96).jpeg,Lily
Lily (97).jpeg,Lily
Lily (98).jpeg,Lily
Lily (99).jpeg,Lily
rose (1).jpeg,Rose
rose (1).png,Rose
rose (10).jpeg,Rose
rose (11).jpeg,Rose
rose (12).jpeg,Rose
rose (13).jpeg,Rose
rose (14).jpeg,Rose
rose (15).jpeg,Rose
rose (16).jpeg,Rose
rose (17).jpeg,Rose
rose (18).jpeg,Rose
rose (19).jpeg,Rose
rose (20).jpeg,Rose
rose (21).jpeg,Rose
rose (22).jpeg,Rose
rose (23).jpeg,Rose
rose (24).jpeg,Rose
rose (25).jpeg,Rose
rose (26).jpeg,Rose
rose (27).jpeg,Rose
rose (28).jpeg,Rose
rose (29).jpeg,Rose
rose (3).jpeg,Rose
rose (30).jpeg,Rose
rose (31).jpeg,Rose
rose (32).jpeg,Rose
rose (33).jpeg,Rose
rose (34).jpeg,Rose
rose (35).jpeg,Rose
rose (36).jpeg,Rose
rose (37).jpeg,Rose
rose (38).jpeg,Rose
rose (39).jpeg,Rose
rose (4).jpeg,Rose
rose (4).png,Rose
rose (40).jpeg,Rose
rose (41).jpeg,Rose
rose (42).jpeg,Rose
rose (43).jpeg,Rose
rose (44).jpeg,Rose
rose (45).jpeg,Rose
rose (46).jpeg,Rose
rose (47).jpeg,Rose
rose (48).jpeg,Rose
rose (49).jpeg,Rose
rose (5).jpeg,Rose
rose (5).png,Rose
rose (50).jpeg,Rose
rose (51).jpeg,Rose
rose (52).jpeg,Rose
rose (53).jpeg,Rose
rose (54).jpeg,Rose
rose (55).jpeg,Rose
rose (56).jpeg,Rose
rose (57).jpeg,Rose
rose (58).jpeg,Rose
rose (59).jpeg,Rose
rose (6).jpeg,Rose
rose (60).jpeg,Rose
rose (61).jpeg,Rose
rose (62).jpeg,Rose
rose (63).jpeg,Rose
rose (64).jpeg,Rose
rose (65).jpeg,Rose
rose (66).jpeg,Rose
rose (67).jpeg,Rose
rose (68).jpeg,Rose
rose (69).jpeg,Rose
rose (7).jpeg,Rose
rose (70).jpeg,Rose
rose (71).jpeg,Rose
rose (72).jpeg,Rose
rose (73).jpeg,Rose
rose (74).jpeg,Rose
rose (75).jpeg,Rose
rose (76).jpeg,Rose
rose (77).jpeg,Rose
rose (78).jpeg,Rose
rose (79).jpeg,Rose
rose (8).jpeg,Rose
rose (80).jpeg,Rose
rose (81).jpeg,Rose
rose (82).jpeg,Rose
rose (83).jpeg,Rose
rose (84).jpeg,Rose
rose (85).jpeg,Rose
rose (86).jpeg,Rose
rose (87).jpeg,Rose
rose (88).jpeg,Rose
rose (89).jpeg,Rose
rose (9).jpeg,Rose
rose (90).jpeg,Rose
rose (91).jpeg,Rose
rose (92).jpeg,Rose
rose (93).jpeg,Rose
rose (94).jpeg,Rose
rose (95).jpeg,Rose
sunflower (1).jpeg,Sunflower
sunflower (10).jpeg,Sunflower
sunflower (100).jpeg,Sunflower
sunflower (11).jpeg,Sunflower
sunflower (12).jpeg,Sunflower
sunflower (13).jpeg,Sunflower
sunflower (14).jpeg,Sunflower
sunflower (15).jpeg,Sunflower
sunflower (16).jpeg,Sunflower
sunflower (17).jpeg,Sunflower
sunflower (18).jpeg,Sunflower
sunflower (19).jpeg,Sunflower
sunflower (2).jpeg,Sunflower
sunflower (20).jpeg,Sunflower
sunflower (21).jpeg,Sunflower
sunflower (22).jpeg,Sunflower
sunflower (23).jpeg,Sunflower
sunflower (24).jpeg,Sunflower
sunflower (25).jpeg,Sunflower
sunflower (26).jpeg,Sunflower
sunflower (27).jpeg,Sunflower
sunflower (28).jpeg,Sunflower
sunflower (29).jpeg,Sunflower
sunflower (3).jpeg,Sunflower
sunflower (30).jpeg,Sunflower
sunflower (31).jpeg,Sunflower
sunflower (32).jpeg,Sunflower
sunflower (33).jpeg,Sunflower
sunflower (34).jpeg,Sunflower
sunflower (35).jpeg,Sunflower
sunflower (36).jpeg,Sunflower
sunflower (37).jpeg,Sunflower
sunflower (38).jpeg,Sunflower
sunflower (39).jpeg,Sunflower
sunflower (4).jpeg,Sunflower
sunflower (40).jpeg,Sunflower
sunflower (41).jpeg,Sunflower
sunflower (42).jpeg,Sunflower
sunflower (43).jpeg,Sunflower
sunflower (44).jpeg,Sunflower
sunflower (45).jpeg,Sunflower
sunflower (46).jpeg,Sunflower
sunflower (47).jpeg,Sunflower
sunflower (48).jpeg,Sunflower
sunflower (49).jpeg,Sunflower
sunflower (5).jpeg,Sunflower
sunflower (50).jpeg,Sunflower
sunflower (51).jpeg,Sunflower
sunflower (52).jpeg,Sunflower
sunflower (53).jpeg,Sunflower
sunflower (54).jpeg,Sunflower
sunflower (55).jpeg,Sunflower
sunflower (56).jpeg,Sunflower
sunflower (57).jpeg,Sunflower
sunflower (58).jpeg,Sunflower
sunflower (59).jpeg,Sunflower
sunflower (6).jpeg,Sunflower
sunflower (60).jpeg,Sunflower
sunflower (61).jpeg,Sunflower
sunflower (62).jpeg,Sunflower
sunflower (63).jpeg,Sunflower
sunflower (64).jpeg,Sunflower
sunflower (65).jpeg,Sunflower
sunflower (66).jpeg,Sunflower
sunflower (67).jpeg,Sunflower
sunflower (68).jpeg,Sunflower
sunflower (69).jpeg,Sunflower
sunflower (7).jpeg,Sunflower
sunflower (70).jpeg,Sunflower
sunflower (71).jpeg,Sunflower
sunflower (72).jpeg,Sunflower
sunflower (73).jpeg,Sunflower
sunflower (74).jpeg,Sunflower
sunflower (75).jpeg,Sunflower
sunflower (76).jpeg,Sunflower
sunflower (77).jpeg,Sunflower
sunflower (78).jpeg,Sunflower
sunflower (79).jpeg,Sunflower
sunflower (8).jpeg,Sunflower
sunflower (80).jpeg,Sunflower
sunflower (81).jpeg,Sunflower
sunflower (82).jpeg,Sunflower
sunflower (83).jpeg,Sunflower
sunflower (84).jpeg,Sunflower
sunflower (85).jpeg,Sunflower
sunflower (86).jpeg,Sunflower
sunflower (87).jpeg,Sunflower
sunflower (88).jpeg,Sunflower
sunflower (89).jpeg,Sunflower
sunflower (9).jpeg,Sunflower
sunflower (90).jpeg,Sunflower
sunflower (91).jpeg,Sunflower
sunflower (92).jpeg,Sunflower
sunflower (93).jpeg,Sunflower
sunflower (94).jpeg,Sunflower
sunflower (95).jpeg,Sunflower
sunflower (96).jpeg,Sunflower
sunflower (97).jpeg,Sunflower
sunflower (98).jpeg,Sunflower
sunflower (99).jpeg,Sunflower
